passage_id,source,domain,topic,flesch_kincaid,expert_accuracy,passage_text
NEWS_01,human,news,African Union Climate Summit,12.4,4.8,"African heads of state convened in Addis Ababa this week for an emergency summit on the accelerating climate crisis, with leaders from 55 member states calling for urgent reform of international carbon finance mechanisms. The summit declaration demands that wealthy industrialised nations honour their $100 billion annual climate pledge — a commitment that has repeatedly fallen short since its 2009 inception. Ethiopia's prime minister argued that African countries, responsible for less than four percent of global emissions, are bearing a disproportionate burden of droughts, floods, and food insecurity. The communiqué calls for a dedicated African Climate Adaptation Fund administered through the African Development Bank."
NEWS_01,llm,news,African Union Climate Summit,12.1,4.8,"Leaders from across the African continent gathered in Ethiopia's capital this week to address the worsening climate crisis, issuing a joint declaration that demands wealthy nations fulfill longstanding financial commitments to support adaptation efforts. The 55-nation bloc highlighted the stark inequity of climate impacts, noting that African states contribute only a small fraction of the greenhouse gas emissions driving global warming yet face some of the most severe consequences, including prolonged droughts and destructive flooding. Heads of state endorsed a proposal to create a new continent-wide fund, channelled through existing African financial institutions, to support communities most affected by extreme weather events."
NEWS_02,human,news,AfCFTA Trade Progress,12.1,4.7,"The African Continental Free Trade Area reported a 23 percent increase in intra-African trade volumes in the first half of the year, according to figures released by the AfCFTA Secretariat in Accra. The growth is largely attributed to the phased removal of tariffs on over 90 percent of goods traded between member states, with manufactured goods and agricultural products seeing the largest gains. However, non-tariff barriers — including cumbersome customs procedures and poor road infrastructure in landlocked countries — remain significant obstacles. Ghana and Kenya emerged as the top beneficiaries, while experts cautioned that smaller economies risk being outcompeted by stronger regional players."
NEWS_02,llm,news,AfCFTA Trade Progress,11.9,4.7,"Trade between African nations rose by roughly a quarter in the opening months of this year, according to data released by the continental trade secretariat based in Ghana. Officials attributed the gains primarily to the ongoing reduction of import tariffs across the majority of product categories under the landmark continental free trade framework, with the most pronounced growth recorded in manufactured goods and agricultural commodities. Despite this progress, trade analysts warned that logistical bottlenecks — particularly inadequate transport networks connecting landlocked member states — continue to limit the full economic potential of the agreement."
NEWS_03,human,news,Sahel Drought Food Security,11.8,4.9,"The United Nations World Food Programme warned Tuesday that more than 18 million people across the Sahel region face acute food insecurity as drought conditions enter their third consecutive year. Crop failures in Mali, Burkina Faso, Niger, and Chad have reduced local food production by up to 40 percent in the worst-affected areas. Displacement caused by both the drought and ongoing armed conflict has complicated relief efforts, with humanitarian workers reporting that several distribution routes remain inaccessible. The WFP appealed for an additional $900 million in emergency funding to sustain operations through the coming dry season."
NEWS_03,llm,news,Sahel Drought Food Security,11.6,4.8,"International humanitarian authorities issued an urgent warning this week that tens of millions of people across West Africa's semi-arid belt are experiencing severe food shortages as a prolonged drought continues to devastate agricultural yields across the region. Countries including Mali, Niger, and Chad have seen dramatic declines in crop output, with the situation compounded by ongoing security crises that restrict access for aid organisations. A major UN food agency called on donor governments to provide nearly a billion dollars in emergency contributions to prevent a worsening humanitarian catastrophe ahead of the next dry season."
NEWS_04,human,news,East African Tech Startup Growth,12.6,4.8,"Kenya's technology sector received a record $1.2 billion in venture capital investment during the past 12 months, cementing Nairobi's status as the continent's leading startup hub, according to a report by the African Tech Venture Network. Fintech companies accounted for 48 percent of total investment, followed by agritech and health-tech platforms. The report notes that mobile money penetration in East Africa — where M-Pesa serves over 51 million customers — has created a uniquely favourable environment for digital financial innovation. Rwanda and Uganda also posted strong growth figures, suggesting that the Silicon Savannah ecosystem is expanding beyond its Nairobi epicentre."
NEWS_04,llm,news,East African Tech Startup Growth,12.4,4.7,"Venture capital flowing into Kenya's startup ecosystem reached an unprecedented level over the past year, according to a new industry analysis, as international investors increasingly view Nairobi as East Africa's foremost centre for technology innovation. Financial technology companies attracted nearly half of all investment capital, building on the region's exceptional mobile payment infrastructure. Researchers noted that the widespread adoption of mobile money services — with tens of millions of active users — provides a foundation for digital business models that is rarely matched elsewhere on the continent. Neighbouring countries including Rwanda and Uganda also recorded significant increases in startup funding, pointing to a broadening of the regional tech ecosystem."
SCI_01,human,science,Malaria Vaccine Rollout Sub-Saharan Africa,13.5,4.7,"The World Health Organisation announced the large-scale rollout of the R21/Matrix-M malaria vaccine across six Sub-Saharan African countries, marking the most significant advance in malaria control in a generation. The vaccine, developed by the University of Oxford and manufactured at the Serum Institute of India, demonstrated 77 percent efficacy in Phase III trials conducted in Burkina Faso, Mali, Kenya, and Tanzania. An estimated 580,000 children die from malaria annually in Africa, the vast majority under the age of five. Health ministries in Nigeria, Ghana, Uganda, Zimbabwe, and two other nations will begin immunisation campaigns targeting children aged six months to three years in high-transmission zones."
SCI_01,llm,science,Malaria Vaccine Rollout Sub-Saharan Africa,13.2,4.6,"A new malaria vaccine with demonstrated high efficacy is being introduced across several Sub-Saharan African nations in what health authorities describe as a historic milestone in the decades-long effort to reduce the disease burden on the continent. The immunisation, developed through a collaboration between a British university and a major South Asian manufacturer, showed protection rates above 75 percent in clinical trials carried out across multiple African sites. Malaria remains one of the leading causes of child mortality in the region, with hundreds of thousands of deaths recorded annually. National health programmes will prioritise vaccinating young children in areas with the highest seasonal transmission rates."
SCI_02,human,science,H3Africa Genomics Hypertension,14.1,4.9,"A new genome-wide association study conducted under the H3Africa Consortium has identified 23 novel genetic variants linked to hypertension in West African populations, addressing a major gap in cardiovascular genomics research. Previous large-scale genomic studies have drawn overwhelmingly from European ancestry populations, limiting the clinical applicability of findings to diverse African genetic backgrounds. The study which analysed DNA samples from over 50,000 participants across Nigeria, Ghana, Senegal, and Cote d'Ivoire was published in Nature Genetics. Lead researchers emphasised that the findings could improve the accuracy of polygenic risk scores for cardiovascular disease among African-ancestry populations globally."
SCI_02,llm,science,H3Africa Genomics Hypertension,13.9,4.8,"Researchers working through a pan-African genomics collaboration have reported the discovery of dozens of previously unidentified genetic markers associated with high blood pressure in populations from West Africa, in a study that highlights the critical importance of expanding genomic research beyond European-ancestry datasets. The findings derived from analysis of genetic data gathered from tens of thousands of individuals across several West African nations were published in a leading genetics journal. Scientists noted that the absence of African populations from most prior genome studies has resulted in predictive health tools that are substantially less accurate for people of African descent, making studies of this kind essential for equitable precision medicine."
SCI_03,human,science,Nile Basin Water Stress,13.8,4.8,"A joint study by researchers at the University of Nairobi, Cairo University, and Addis Ababa University has modelled future water availability across the Nile Basin under three climate scenarios, concluding that without cooperative water governance reforms, the basin faces a 34 percent reduction in per-capita freshwater availability by 2050. The study published in Nature Water incorporated satellite-derived rainfall data, glacier retreat measurements, and demographic projections for the 11 countries sharing the Nile system. Researchers recommended transboundary data-sharing agreements and investment in water recycling infrastructure as priority interventions."
SCI_03,llm,science,Nile Basin Water Stress,13.6,4.8,"A collaborative research effort involving universities in Kenya, Egypt, and Ethiopia has produced detailed projections of water availability across the Nile River basin through mid-century, with findings that underscore the urgency of regional cooperation on freshwater management. The modelling study drawing on remote sensing data and population growth estimates for the 11 nations that depend on the Nile system indicates that per-person water availability could fall by roughly a third under plausible warming scenarios. The authors call on governments in the basin to establish formal mechanisms for sharing hydrological data and to invest substantially in water conservation and recycling infrastructure."
SCI_04,human,science,Off-Grid Solar Africa,12.9,4.7,"Researchers at the African Centre for Energy Policy have documented a 340 percent increase in off-grid solar installations across rural Sub-Saharan Africa over the past five years, driven by falling panel costs and expanding pay-as-you-go financing models. The study found that solar home systems now provide electricity to approximately 42 million households that remain unconnected to national grids. Health and education outcomes in electrified households showed significant improvements: children in solar-connected homes studied on average 2.3 additional hours per day, and healthcare facilities reported a 28 percent reduction in vaccine spoilage due to cold chain improvements."
SCI_04,llm,science,Off-Grid Solar Africa,12.7,4.7,"The rapid expansion of solar energy access in rural parts of Sub-Saharan Africa has been documented in a new policy analysis, which reports that the number of households using off-grid solar systems has grown more than fourfold over a five-year period. The growth has been enabled by significant declines in the cost of photovoltaic equipment and by innovative payment plans that allow low-income households to pay for solar installations in small increments via mobile phone. Beyond access to light and phone charging, researchers found evidence that electrification through solar energy is associated with meaningful improvements in children's study time and in the ability of rural clinics to maintain temperature-sensitive medical supplies."
LEG_01,human,legal,African Court Land Rights,14.3,4.9,"The African Court on Human and Peoples Rights issued a landmark ruling Friday ordering a West African government to restore ancestral land to an indigenous pastoral community displaced by a large-scale agricultural investment project. The court found that the state had violated Articles 14 and 21 of the African Charter on Human and Peoples Rights by failing to obtain the community's free, prior, and informed consent before approving the investment, as required under customary international law. The ruling requires the government to demarcate and register the community's land rights within 18 months and to provide financial compensation for losses incurred during the displacement period."
LEG_01,llm,legal,African Court Land Rights,14.0,4.9,The continent's primary human rights court issued a significant decision this week affirming the land rights of an indigenous pastoralist group that had been forcibly relocated to make way for a commercial farming project in West Africa. The court determined that the responsible government had violated the African Charter's protections of property and peoples rights by proceeding with the investment without securing the genuine prior consent of the affected community. As remedies the court ordered the state to formally recognise and demarcate the community's territorial boundaries within a defined timeframe and to pay compensation for the economic harm suffered since displacement.
LEG_02,human,legal,Kenya Data Protection Enforcement,14.0,4.9,"Kenya's Office of the Data Protection Commissioner imposed a 7.5 million shilling penalty on a leading mobile network operator this month for transferring subscriber data to a foreign analytics company without adequate user consent, in the first significant enforcement action under the Data Protection Act of 2019. The commissioner found that the operator's consent mechanism — a single checkbox in a 48-page terms-of-service agreement — did not meet the Act's requirement for informed, explicit, and freely given consent. The ruling establishes a precedent that data processing agreements with third parties must be explicitly disclosed to subscribers in plain and accessible language prior to data transfer."
LEG_02,llm,legal,Kenya Data Protection Enforcement,13.8,4.8,Kenya's data privacy regulator this month issued its first major financial penalty against a telecommunications company found to have shared customer information with an overseas data processing firm without obtaining meaningful user authorisation. The enforcement action brought under legislation enacted five years ago determined that burying consent for third-party data sharing within a lengthy and complex service agreement does not satisfy the legal standard of informed and voluntary consent. Legal analysts say the decision will require telecommunications and digital service companies operating in Kenya to substantially revise how they communicate data-sharing arrangements to their customers.
LEG_03,human,legal,ICC African Union Jurisdiction,14.5,4.8,"The African Union's Assembly of Heads of State this month adopted a resolution calling for a renewed negotiated framework governing the International Criminal Court's jurisdiction over sitting heads of government, reigniting a long-running diplomatic dispute between the AU and The Hague-based tribunal. The resolution passed by consensus does not constitute a formal withdrawal from the Rome Statute but instructs the AU Commission to develop a legal instrument providing for temporary immunity for heads of state during their tenure. Critics argue the proposal would effectively shield leaders from accountability for atrocity crimes, while proponents contend it reflects the principle of sovereign equality under international law."
LEG_03,llm,legal,ICC African Union Jurisdiction,14.2,4.8,"African Union member states this month formally renewed calls for negotiations over the terms under which the International Criminal Court exercises jurisdiction involving incumbent African leaders, in a move that reflects persistent tensions between the continental bloc and the international tribunal. The resolution adopted by heads of state stops short of recommending mass withdrawal from the court's founding treaty but directs the Union's legal body to develop a framework that would provide heads of government with a degree of protection from prosecution while in office. The proposal has drawn sharp criticism from human rights organisations who argue it would weaken accountability for serious violations of international humanitarian law."
LEG_04,human,legal,South Africa Mining Charter,14.2,4.9,"South Africa's Constitutional Court ruled that the government's revised Mining Charter, which requires 30 percent black ownership of mining operations, does not automatically extinguish existing prospecting rights held by companies that predate the charter's implementation. The court found that retrospective application of the ownership requirement to rights granted before the policy change would violate the Mineral and Petroleum Resources Development Act's transitional provisions and could constitute an unconstitutional deprivation of property. The judgement welcomed by the Chamber of Mines leaves open the question of how new prospecting applications will be evaluated against the transformed ownership criteria."
LEG_04,llm,legal,South Africa Mining Charter,14.0,4.9,"South Africa's highest court issued a ruling this week clarifying the legal status of mining licences held by companies that obtained their rights before the government introduced new black economic empowerment ownership requirements in the extractive sector. The court found that applying the revised ownership thresholds retroactively to previously granted rights would be inconsistent with the applicable legislation and could amount to an unlawful deprivation of vested property interests under the Constitution. Mining industry groups said the judgment provides greater legal certainty, though observers noted that the court left several related questions to be resolved in future proceedings."
